{"cameraMode":{"drawMode":0,"name":"Shaded","section":"Shading Mode"},"sceneLighting":true,"audioPlay":false,"sceneViewState":{"showFog":true,"showMaterialUpdate":false,"showSkybox":true,"showFlares":true,"showImageEffects":true,"showParticleSystems":true},"in2DMode":false,"pivot":{"x":-0.8386001586914063,"y":-16.128639221191408,"z":15.577201843261719},"rotation":{"x":-0.22070962190628053,"y":0.2838486433029175,"z":-0.06731408089399338,"w":-0.9306911826133728},"size":121.76985931396485,"orthographic":false}